transaction_id,transaction_timestamp,transaction_amount
GKHL-123, 1502798724, 456023
ABCD-123, 1502798724, 456023
DSFSDF-123, 1502798724, 456023
ABCD-123, 1502798724, 456023, ABCD-123, 1502798724, 456023
DSFSDF
ABCD-454687987465, 1502798724, 456023, ABCD-123, 1502798724, 456023
ABCD-4144444645, 15027987asdasdasdasd24, 456023
ABCD-123, 1502798724, 456023GKHL-123, 1502798724, 456023
ABCD-123, 15, SADASDASDASD-123, 1502798724, 456023
ABCD-123, 1502798724sadasdas, 456023
AB32423423423CD-454687987465, 1502798724, 456023, ABCD-123, 1502798724, 456023
ABCD-4144444645, 15werwer02798724, 456023
ABCD-123, erwerwerwe, 456023
GK234234234234HL-123, 1502798724, 456023
ABCD-123, 1502798, 456023, ABCD-123, 1502798724, 456023
DSFSDFSDFSD-1fgdfgdfgdfg23, 1502798724, 456023
ABCD-123, we, 456023, SADASDASDASD-123, 1502798724, 456023
ABCD-123, 15027weewewr98724, 456023
ABCD-123,87fdgdfgdfgdfgdfgdfg24, 45602302798724, 456023
DSFSDF-123, 15027987weweweewwe24, 456023
ABCD-123, 150279872weweweew4, 456023, ABCD-123, 1502798724, 456023
DSFSDFSDFSD-123, 1502798724724, 456023
DSFSDF-1fdgdfgdfgdfgdfgf23, 1502798724, 456023SDFSD-123, 1502798724, 456023
ABCD-123, 1502798724, 456023
ABCD-4144444645, 1502798724, 456023
ABCD-12fdgdfgdfgdfg3, 1502798724, 456023
GKHL-123, 1502798724, 456023
ABC242342343423D-123, 1502798724, 456023
DSFSDF-123, 1502798724, 456023
AB
AB2342342342CD-123, 1502798724, 456023, ABCD-123, 1502798724, 456023
DSFSDFSDFSD-123, 1502798724, 456023
AB2342342343CD-123, 1502798724, 456023, SADASDASDASD-123, 1502798724, 456023
ABCD-123, 1502798724, 456023
ABCD-454687987465, 1502798724, 456023, ABCD-123, 1502798724, 456023
ABCD-4144444645, 1502798724, 456023 1502798724, 456023, ABCD-123, 1502798724, 456023
DSFSDFSDFSD-123, 1502798724, 456023
ABCD-123, 1502798724, 456023, SADASDASDASD-123, 1502798724, 456023
ABCD-123, 1502798724, 456023
ABCD-454687987465, 1502798724, 456CD-123, 1502798724, 456023
ABCD-123, 1502798724, 456023, SADASDASDASD-123, 1502798724, 456023
ABCD-123, 1502798724, 456023
ABCD-454687987465, 1502798724, 456023, ABCD-123, 1502798724, 456023
ABCD-4144444645, 1502798724, 456023
ABCD-123, 1502798724, 456023GKHL-123, 1502798724, 456023
ABCD-123, 1502798724, 456023
DSFSDF-123, 1502798724, 456023023, ABCD-123, 1502798724, 456023
ABCD-4144444645, 1502798724, 456023
ABCD-123, 1502798724, 456023
Gqweqweqwe12312312KHL-12sadasdsad3, 1502798724, 456023
ABCD-123, 1502798724, 456023
DSF21312312312SDF-1wefwefwe23, 1502798724, 456023
ABCD-123, 1502798724, 456023, ABCD-123, 1502798724, 456023
DSFSDFSDFSD-123, 1502798724, 456023
ABCD-123, 1502798724, 456023, SADASDASDASD-123, 1502798724, 456023
ABCD-123, 1502798724, 456023
ABCD-454687987465, 1502798724, 456023, ABCD-123, 150279
ABCD-123, 1502798724, 456023